{"(1, 36)": {"parameters": [1e-05, 100, 1e-05], "error_rate": 0.11130952380952384}, "(1, 72)": {"parameters": [1, 100, 1e-10], "error_rate": 0.23190476190476192}, "(1, 108)": {"parameters": [10, 1, 1e-10], "error_rate": 0.37835497835497844}, "(1, 144)": {"parameters": [1, 100, 1e-05], "error_rate": 0.21802955665024643}, "(1, 180)": {"parameters": [10, 100, 1e-10], "error_rate": 0.11597222222222223}, "(1, 216)": {"parameters": [10, 100, 1e-10], "error_rate": 0.09463002114164909}, "(1, 252)": {"parameters": [10, 1, 1e-05], "error_rate": 0.0875163398692811}, "(1, 288)": {"parameters": [10, 1, 1e-10], "error_rate": 0.09388989715668483}, "(1, 324)": {"parameters": [1e-05, 100, 1e-05], "error_rate": 0.08317307692307696}, "(1, 360)": {"parameters": [1, 100, 1e-05], "error_rate": 0.07962962962962956}, "(0.1, 36)": {"parameters": [1e-05, 100, 1e-05], "error_rate": 0.10357142857142862}, "(0.1, 72)": {"parameters": [1e-05, 100, 1e-05], "error_rate": 0.10071428571428565}, "(0.1, 108)": {"parameters": [10, 100, 1e-05], "error_rate": 0.1062770562770563}, "(0.1, 144)": {"parameters": [10, 1, 1e-05], "error_rate": 0.1066091954022989}, "(0.1, 180)": {"parameters": [1e-05, 100, 1e-05], "error_rate": 0.11444444444444446}, "(0.1, 216)": {"parameters": [10, 5, 1e-10], "error_rate": 0.13608879492600426}, "(0.1, 252)": {"parameters": [10, 2, 1e-05], "error_rate": 0.15823529411764714}, "(0.1, 288)": {"parameters": [10, 100, 1e-05], "error_rate": 0.2060375075620085}, "(0.1, 324)": {"parameters": [10, 100, 1e-10], "error_rate": 0.2991346153846154}, "(0.1, 360)": {"parameters": [1e-05, 100, 1e-05], "error_rate": 0.33333333333333337}, "(0.01, 36)": {"parameters": [1e-05, 100, 1e-05], "error_rate": 0.4982142857142857}, "(0.01, 72)": {"parameters": [1, 1, 1e-05], "error_rate": 0.5611428571428572}, "(0.01, 108)": {"parameters": [10, 2, 1e-10], "error_rate": 0.4879870129870131}, "(0.01, 144)": {"parameters": [10, 1, 1e-10], "error_rate": 0.4211412151067324}, "(0.01, 180)": {"parameters": [10, 100, 1e-10], "error_rate": 0.41222222222222216}, "(0.01, 216)": {"parameters": [10, 100, 1e-10], "error_rate": 0.29442766535789794}, "(0.01, 252)": {"parameters": [1e-05, 100, 1e-05], "error_rate": 0.40086274509803915}, "(0.01, 288)": {"parameters": [10, 2, 1e-10], "error_rate": 0.2928355371186588}, "(0.01, 324)": {"parameters": [1, 100, 1e-10], "error_rate": 0.1986826923076923}, "(0.01, 360)": {"parameters": [1e-05, 100, 1e-05], "error_rate": 0.3099206349206349}, "(0.0001, 36)": {"parameters": [1, 2, 1e-05], "error_rate": 0.14785714285714283}, "(0.0001, 72)": {"parameters": [10, 2, 1e-05], "error_rate": 0.34555555555555556}, "(0.0001, 108)": {"parameters": [10, 100, 1e-10], "error_rate": 0.2870129870129871}, "(0.0001, 144)": {"parameters": [1, 100, 1e-05], "error_rate": 0.2585591133004926}, "(0.0001, 180)": {"parameters": [10, 2, 1e-10], "error_rate": 0.36666666666666664}, "(0.0001, 216)": {"parameters": [10, 2, 1e-05], "error_rate": 0.31786469344608886}, "(0.0001, 252)": {"parameters": [10, 1, 1e-10], "error_rate": 0.4606274509803921}, "(0.0001, 288)": {"parameters": [10, 5, 1e-10], "error_rate": 0.27785843920145187}, "(0.0001, 324)": {"parameters": [1, 100, 1e-05], "error_rate": 0.5137620192307693}, "(0.0001, 360)": {"parameters": [10, 100, 1e-05], "error_rate": 0.41388888888888886}}