{"(0.0005, 361)": {"parameters": [0.001, 100, 1e-15], "error_rate": 0.3544901065449011}, "(0.001, 361)": {"parameters": [0.0001, 1, 1e-15], "error_rate": 0.3186073059360731}, "(0.005, 361)": {"parameters": [0.01, 2, 1e-10], "error_rate": 0.34372146118721475}, "(0.01, 361)": {"parameters": [0.001, 5, 1e-10], "error_rate": 0.3826864535768646}, "(0.05, 361)": {"parameters": [1, 75, 1e-10], "error_rate": 0.324048706240487}, "(0.1, 361)": {"parameters": [3, 5, 1e-15], "error_rate": 0.29619482496194816}, "(0.5, 361)": {"parameters": [0.1, 100, 1e-10], "error_rate": 0.21647640791476408}, "(1, 361)": {"parameters": [1, 75, 1e-10], "error_rate": 0.09988584474885853}, "(10, 361)": {"parameters": [3, 50, 1e-10], "error_rate": 0.033295281582952696}, "(inf, 361)": {"parameters": [3, 1, 1e-10], "error_rate": 0.016666666666666607}}